,ΔT,H,N,f,omega,g,theta_grad,Avg_T_PBL,u_s,u_sb,z_s,z_sb,Pi_1,Pi_2,Pi_4
2014-07-16 15:00:00+00:00,7.289276123046875,178.9608154296875,0.021089613457392103,0.00014349916643441557,7.27220521664304e-05,9.81,-0.012755809,281.34539794921875,12.051607356284924,1.2374216318130493,337603.8744891385,25971635.071418885,0.4908755781849823,1.9732551840809707,290.0030022410092
